firstname,frequency,kategorie,aktion,kommentar
,3592,,,
Karl,2881,,,
Wilh.,2085,,,
Ernst,1584,,,
Paul,1527,,,
Otto,1384,,,
Herm.,1344,,,
Friedr.,1280,,,
Walt.,1244,,,
Heinr.,1181,,,
Aug.,910,,,
Emil,875,,,
Gust.,868,,,
Max,859,,,
Fritz,799,,,
Erich,728,,,
Hugo,705,,,
Franz,680,,,
Alb.,672,,,
Jos.,568,,,
Anna,566,,,
Joh.,556,,,
Art.,502,,,
Maria,493,,,
Rob.,491,,,
Alfr.,469,,,
Rich.,462,,,
Rud.,446,,,
Hans,416,,,
Adolf,410,,,
Eug.,396,,,
Emma,340,,,
Walter,321,,,
Willi,320,,,
Ad.,304,,,
Ew.,294,,,
Helene,288,,,
Luise,280,,,
Emilie,272,,,
Hermann,268,,,
Pet.,266,,,
Klara,266,,,
Auguste,249,,,
Ida,244,,,
Wilhelm,239,,,
Kurt,230,,,
Heinrich,222,,,
Georg,218,,,
Ewald,218,,,
Johanne,214,,,
Jul.,210,,,
Carl,205,,,
Werner,201,,,
Gustav,193,,,
Helm.,190,,,
Ludw.,180,,,
August,177,,,
Willy,173,,,
Berta,170,,,
Elisabeth,163,,,
Bernh.,162,,,
Edd.,162,,,
Albert,150,,,
"Karl, d. Ä.",146,,,
Wilhelmine,146,,,
"Karl, d. J.",145,,,
Peter,137,,,
Ferd.,133,,,
Oskar,130,,,
Robert,127,,,
Else,125,,,
Adele,121,,,
Aline,120,,,
Paula,118,,,
Eugen,118,,,
Marta,117,,,
Jak.,116,,,
Richard,115,,,
Mathilde,115,,,
Johannes,113,,,
Erwin,110,,,
Margarete,110,,,
Friedrich,107,,,
Elise,107,,,
Rudolf,106,,,
Alfred,102,,,
Erna,102,,,
Artur,97,,,
Elisab.,96,,,
Ant.,94,,,
Alma,93,,,
Hulda,91,,,
Erw.,90,,,
Gottl.,90,,,
Elfriede,89,,,
"Wilh., d. Ä.",87,,,
Reinh.,85,,,
Josef,84,,,
Julius,84,,,
"Wilh., d. J.",81,,,
Karoline,80,,,
Christ.,80,,,
"Ernst, d. Ä.",79,,,
Hedwig,78,,,
"Ernst, d. J.",78,,,
Elfr.,78,,,
Hedw.,78,,,
"Herm., d. Ä.",77,,,
Laura,76,,,
Martha,75,,,
Theod.,75,,,
"Herm., d. J.",74,,,
Friedr. Wilh.,72,,,
Moritz,72,,,
"Heinr., d. Ä.",71,,,
Konr.,70,,,
Theodor,68,,,
Bruno,68,,,
Johann,66,,,
Herta,65,,,
"Heinr., d. J.",64,,,
Pauline,64,,,
Lina,63,,,
"Otto, d. Ä.",63,,,
Hilde,62,,,
Amalie,60,,,
Selma,59,,,
Katharina,59,,,
"Otto, d. J.",59,,,
Hub.,58,,,
Gertrud,57,,,
"Walt., d. Ä.",57,,,
"Gust., d. Ä.",56,,,
"Gust., d. J.",55,,,
Christian,54,,,
Helmut,54,,,
Heinz,54,,,
Leo,53,,,
Anton,53,,,
Ottilie,52,,,
"Friedr., d. Ä.",52,,,
Julie,51,,,
Hermine,51,,,
Adam,50,,,
"Friedr., d. J.",50,,,
Ludwig,49,,,
Louis,49,,,
Johanna,49,,,
Marg.,49,,,
Emmi,48,,,
Gerh.,47,,,
Maximilian,46,,,
Edm.,46,,,
Eduard,46,,,
Frieda,46,,,
"Walt., d. J.",46,,,
Grete,45,,,
Alwine,44,,,
Hildeg.,42,,,
Math.,42,,,
Reinhold,42,,,
Bertha,42,,,
Gottfr.,41,,,
"Aug., d. J.",40,,,
Alex,40,,,
"Aug., d. Ä.",40,,,
Michael,39,,,
Alexander,39,,,
Antonie,39,,,
Emmy,38,,,
Andreas,38,,,
Bernhard,37,,,
Agnes,37,,,
Arnold,36,,,
Martin,36,,,
"Alb., d. Ä.",36,,,
Herb.,36,,,
"Emil, d. J.",36,,,
"Franz, d. Ä.",35,,,
Jakob,35,,,
Hubert,35,,,
Matth.,34,,,
"Alb., d. J.",34,,,
Henriette,33,,,
Rosa,32,,,
Therese,32,,,
"Rich., d. Ä.",32,,,
Hildegard,31,,,
Konrad,31,,,
David,31,,,
"Emil, d. Ä.",31,,,
Dav.,31,,,
Christine,30,,,
"Max, d. Ä.",30,,,
Eugenie,30,,,
Ferdinand,29,,,
Meta,29,,,
Daniel,28,,,
Franziska,28,,,
Ella,28,,,
"Rich., d. J.",27,,,
Phil.,27,,,
"Rob., d. Ä.",27,,,
Charlotte,27,,,
"Rud., d. Ä.",27,,,
"Franz, d. J.",27,,,
Elli,26,,,
"Rob., d. J.",26,,,
Alex.,26,,,
Gerda,26,,,
Gertr.,26,,,
"Paul, d. Ä.",26,,,
Aloys,25,,,
"Max, d. J.",25,,,
E.,25,,,
Waldemar,25,,,
Josefine,24,,,
Arthur,24,,,
H.,24,,,
Lorenz,24,,,
Johs.,24,,,
Reinhard,24,,,
Marianne,24,,,
Philipp,23,,,
Minna,23,,,
A.,23,,,
"Paul, d. J.",23,,,
Siegfr.,23,,,
Gottlieb,23,,,
Rosalie,23,,,
Herbert,22,,,
Friedr. Aug.,22,,,
Lydia,22,,,
"Hugo, d. Ä.",22,,,
Gerhard,21,,,
"Hugo, d. J.",21,,,
Alfons,21,,,
"Fritz, d. Ä.",21,,,
Elly,21,,,
"Adolf, d. Ä.",21,,,
Margar.,21,,,
"Ad., d. Ä.",21,,,
Wern.,20,,,
Mart.,20,,,
Dorothea,19,,,
Toni,19,,,
"Rud., d. J.",19,,,
"Fritz, d. J.",18,,,
Karl Aug.,18,,,
Oswald,18,,,
C. W.,18,,,
Käthe,18,,,
Erika,18,,,
Sophie,18,,,
"Adolf, d. J.",17,,,
Barbara,17,,,
Clemens,17,,,
Edith,17,,,
Osk.,17,,,
Edmund,17,,,
Aloysius,16,,,
Kuno,16,,,
"Ad., d. J.",16,,,
Friederike,16,,,
Mich.,16,,,
M.,16,,,
Olga,16,,,
Houwald,16,,,
Kathar.,16,,,
Louise,15,,,
Kath.,15,,,
Amanda,15,,,
Jacob,15,,,
Lisette,15,,,
Irmgard,15,,,
Abraham,15,,,
Regina,15,,,
Nikolaus,14,,,
Magdalene,14,,,
W.,14,,,
Wladislaus,14,,,
Stephan,14,,,
F. W.,14,,,
Irene,14,,,
Clara,14,,,
Felix,14,,,
Albrecht,13,,,
Roland,13,,,
"Ew., d. J.",13,,,
Arno,13,,,
Egon,13,,,
Eleonore,13,,,
Nik.,13,,,
Stanisl.,13,,,
Marie,13,,,
Viktor,13,,,
Lotte,12,,,
Samuel,12,,,
Jac.,12,,,
Joh. Pet.,12,,,
"August, d. J.",12,,,
Willibald,12,,,
Kaspar,12,,,
Theresia,12,,,
Engelb.,12,,,
Alois,12,,,
Friedr. Karl,11,,,
Magdalena,11,,,
"Gustav, d. J.",11,,,
Gottfried,11,,,
Leopold,11,,,
Arn.,11,,,
Simon,11,,,
Gretchen,11,,,
Albr.,11,,,
"Jul., d. Ä.",11,,,
"Ew., d. Ä.",11,,,
Christoph,11,,,
Rudi,11,,,
Adalb.,11,,,
Ignatz,10,,,
Curt,10,,,
G.,10,,,
Matthias,10,,,
Thomas,10,,,
Josua,10,,,
Klemens,10,,,
"Joh., d. Ä.",10,,,
Karl d. Ä.,9,,,
Siegfried,9,,,
R.,9,,,
"Walter, d. J.",9,,,
"Jul., d. J.",9,,,
Joh. Peter,9,,,
Andr.,9,,,
Carl Aug.,9,,,
Valentin,9,,,
Anneliese,9,,,
Lothar,9,,,
Joh. Gottl.,9,,,
Josefa,8,,,
"Hermann, d. J.",8,,,
Karol.,8,,,
"Carl, d. J.",8,,,
L.,8,,,
Ilse,8,,,
Val.,8,,,
"Edd., d. Ä.",8,,,
"Robert, d. J.",8,,,
Irma,8,,,
Lucie,8,,,
O.,8,,,
Berthold,8,,,
Charl.,8,,,
Alice,8,,,
Karola,8,,,
Joh. Heinr.,8,,,
Magdal.,8,,,
Adelheid,8,,,
Adalbert,8,,,
Stanislaus,8,,,
Hellm.,8,,,
Karl Wilh.,8,,,
Leop.,8,,,
Wladisl.,8,,,
Max.,7,,,
Alwin,7,,,
Ruth,7,,,
Israel,7,,,
"Richard, d. J.",7,,,
Käte,7,,,
"Walter, d. Ä.",7,,,
Gust. Adolf,7,,,
J. C.,7,,,
Julianne,7,,,
"Ferd., d. Ä.",7,,,
Maxim.,7,,,
Günther,7,,,
Kasp.,7,,,
Adeline,7,,,
Vinzenz,7,,,
Albertine,7,,,
Stefan,7,,,
Leonh.,7,,,
Nikol.,6,,,
Herm. d. Ä.,6,,,
Gregor,6,,,
"Rudolf, d. J.",6,,,
Fr. Wilh.,6,,,
Dietrich,6,,,
Eberhard,6,,,
Gotthard,6,,,
C. August,6,,,
"Heinrich, d. Ä.",6,,,
Justus,6,,,
"Bernh., d. J.",6,,,
Adolph,6,,,
Lieselotte,6,,,
Aenne,6,,,
Günter,6,,,
"Eug., d. Ä.",6,,,
Pius,6,,,
Edgar,6,,,
C. Herm.,6,,,
"Jos., d. J.",6,,,
"Edd., d. J.",6,,,
Hanna,6,,,
G. Adolf,6,,,
Edelbert,6,,,
Conrad,6,,,
Selinde,6,,,
Sebastian,6,,,
Harry,6,,,
Ed.,6,,,
"Julius, d. J.",5,,,
Sigismund,5,,,
"Albert, d. J.",5,,,
Osw.,5,,,
Fanny,5,,,
Heinr. d. Ä.,5,,,
Wilh. d. Ä.,5,,,
Rolf,5,,,
F.,5,,,
Rochus,5,,,
"Eug., d. J.",5,,,
Alexand.,5,,,
C. A.,5,,,
Paul Hugo,5,,,
"Wilhelm, d. J.",5,,,
"Heinrich, d. J.",5,,,
Benno,5,,,
Ernestine,5,,,
"Ludw., d. J.",5,,,
Giovanni,5,,,
Emanuel,5,,,
"Ewald, d. Ä.",5,,,
Maximil.,5,,,
"Joh., d. J.",5,,,
Thea,5,,,
Veronika,5,,,
Anni,5,,,
Karl Friedr.,5,,,
Kasimir,5,,,
Xaver,5,,,
Klaus,5,,,
Karl d. J.,5,,,
"Gottl., d. J.",5,,,
J. P.,5,,,
"Bernh., d. Ä.",5,,,
J. Wilh.,5,,,
Sofie,5,,,
Betty,5,,,
Agathe,5,,,
"Ferd., d. J.",5,,,
Hanni,5,,,
Ernst Aug.,5,,,
Dora,5,,,
Aug. d. Ä.,4,,,
Florentine,4,,,
"Gustav, d. Ä.",4,,,
"Friedrich, d. J.",4,,,
Friedel,4,,,
Wenzel,4,,,
Friedrich E.,4,,,
Fr.,4,,,
Chr.,4,,,
J. Gottl.,4,,,
Dittmar,4,,,
Carl August,4,,,
Thekla,4,,,
Benj.,4,,,
Otto d. Ä.,4,,,
Franz d. Ä.,4,,,
G. Walter,4,,,
Carl Wilh.,4,,,
C. Ferd.,4,,,
Joh. Wilh.,4,,,
Alb. Alfr.,4,,,
"Georg, d. J.",4,,,
Elias,4,,,
Sally,4,,,
Margot,4,,,
Feodor,4,,,
"Wilhelm, d. Ä.",4,,,
Wendelin,4,,,
Berth.,4,,,
Valent.,4,,,
Gust. Ad.,4,,,
Konstantin,4,,,
Horst,4,,,
Dan.,4,,,
"Art., d. Ä.",4,,,
Jenny,4,,,
Angelo,4,,,
Guiseppe,4,,,
"Peter, d. J.",4,,,
Leonhard,4,,,
Caroline,4,,,
Melchior,4,,,
Karl Walt.,4,,,
C.,4,,,
Isaak,4,,,
Herm. d. J.,4,,,
Walther,4,,,
J.,4,,,
"Richard, d. Ä.",4,,,
Ernst Rud.,4,,,
Benjamin,4,,,
Karl August,4,,,
Karl Herm.,4,,,
Caspar,4,,,
J. Erich,4,,,
Paul Friedr.,4,,,
"Ewald, d. J.",4,,,
Christiane,4,,,
Paulus,4,,,
Joh. Karl,4,,,
Lore,4,,,
"Jos., d. Ä.",4,,,
Theodore,4,,,
Lilli,4,,,
Wolfgang,4,,,
"Reinhold, d. J.",4,,,
Hel.,4,,,
Friedr. d. Ä.,4,,,
Eva,4,,,
Peter Aug.,4,,,
Wiegand,4,,,
"Hermann, d. Ä.",4,,,
Carl Rob.,4,,,
Carl Otto,3,,,
Ernst d. Ä.,3,,,
C. F.,3,,,
Wilfried,3,,,
Lilly,3,,,
Albin,3,,,
Fr. Alb.,3,,,
C. G.,3,,,
Kläre,3,,,
"Albert, sen.",3,,,
Sara,3,,,
Marga,3,,,
Bet.,3,,,
Alb. Herm.,3,,,
P.,3,,,
Engelbert,3,,,
Richd.,3,,,
J. Gottlieb,3,,,
Ernst Emil,3,,,
E. H.,3,,,
Antonius,3,,,
Walt. d. Ä. ,3,,,
"Reinh., d. J.",3,,,
G. C.,3,,,
"Friedrich, d. Ä.",3,,,
Gerta,3,,,
Kiwa,3,,,
Pet. Albert,3,,,
Kornel.,3,,,
"Emil, sen.",3,,,
"Pet., d. J.",3,,,
Victor,3,,,
Aug. Ernst,3,,,
Friedr. Carl,3,,,
"Hubert, d. J.",3,,,
"Valentin, d. J.",3,,,
Ottomar,3,,,
Gust. Walt.,3,,,
"Theod., d. Ä.",3,,,
Cornelia,3,,,
Josephine,3,,,
Elsa,3,,,
"Willi, d. J.",3,,,
"R., d. J.",3,,,
Antonio,3,,,
Margret,3,,,
Florian,3,,,
Nicolaus,3,,,
Hertha,3,,,
Justine,3,,,
Abr.,3,,,
Susanna,3,,,
Rich. Friedr.,3,,,
Balthasar,3,,,
Georg Chr.,3,,,
Norbert,3,,,
"Arno, d. J.",3,,,
Sibilla,3,,,
"Gottl., d. Ä.",3,,,
Annemarie,3,,,
Moses,3,,,
Julian,3,,,
Viktoria,3,,,
Gotthold,3,,,
Johannette,3,,,
Ew. d. Ä.,3,,,
"Art., d. J.",3,,,
Gust. Herm.,3,,,
Alb. d. Ä.,3,,,
"Carl, d. Ä.",3,,,
Edwin,3,,,
Ernst Wilh.,3,,,
J. A.,3,,,
Rosaline,3,,,
Milli,3,,,
Sigmund,3,,,
Walt. ,3,,,
Vikt.,3,,,
G. Thomas,3,,,
Gumal,3,,,
"Ludw., d. Ä.",3,,,
Ralph,3,,,
"Reinh., d. Ä.",3,,,
Franz Carl,3,,,
Augustine,3,,,
Roman,3,,,
"Hub., d. J.",3,,,
Lambert,3,,,
Karl Fritz,3,,,
"Theod., d. J.",3,,,
"Peter, d. Ä.",3,,,
Cuno,3,,,
C. Albert,3,,,
Joh. Friedrich,3,,,
Juliane,3,,,
Fritz d. Ä.,2,,,
Sybilla,2,,,
C. Willy,2,,,
"Erich, d. Ä.",2,,,
"Alfr., d. Ä.",2,,,
Gust. d. Ä.,2,,,
"Ludwig, d. J.",2,,,
Franz d. J.,2,,,
"Alfr., d. J.",2,,,
G. Arthur,2,,,
Wilh. Aug.,2,,,
Karl F.,2,,,
Wilh. ,2,,,
Pet. Arn.,2,,,
"Alfred, d. J.",2,,,
Justina,2,,,
Marco,2,,,
"Ernst., d. Ä.",2,,,
Melitta,2,,,
Siegward,2,,,
Friedr. Peter,2,,,
Franz Th.,2,,,
"Carl, jr.",2,,,
Herman,2,,,
J. G.,2,,,
Karl Heinz,2,,,
"W., d. J.",2,,,
"Rich., sen.",2,,,
"W., jr.",2,,,
"Walt., sen.",2,,,
Petrus,2,,,
Jul. d. J.,2,,,
Karls,2,,,
A. Herm.,2,,,
Betti,2,,,
J. Max,2,,,
A. Walter,2,,,
J. Karl,2,,,
Leni,2,,,
"Bernhard, d. J.",2,,,
Rol.,2,,,
Walt,2,,,
Magd.,2,,,
Aug. Herm.,2,,,
Fried.,2,,,
Joh. Hugo,2,,,
Alw.,2,,,
"Georg, d. Ä.",2,,,
Franz Arnold,2,,,
Ambrosius,2,,,
Leander,2,,,
Friedr. Ernst,2,,,
Mia,2,,,
Hanny,2,,,
Aloisius,2,,,
Gotth.,2,,,
Franz Jos.,2,,,
Joh. Carl,2,,,
Karl Theod.,2,,,
Maria Luise,2,,,
"Walt, d. Ä.",2,,,
Karl Gust.,2,,,
Edi,2,,,
"Alb., sen.",2,,,
Friedr. Herm.,2,,,
Luitpold,2,,,
Augustin,2,,,
Elsbeth,2,,,
Willh.,2,,,
Karl Heinr.,2,,,
Paul Erich,2,,,
Carl Friedr.,2,,,
"Edm., d. J.",2,,,
Gust. Otto,2,,,
Ulrich,2,,,
Joh. Gottfr.,2,,,
Boleslaus,2,,,
Amande,2,,,
Heini,2,,,
Otto d. J.,2,,,
Ludger,2,,,
Willn,2,,,
Rich. d. Ä.,2,,,
Friedr. Pet.,2,,,
Kätchen,2,,,
Elis.,2,,,
Hub. d. J.,2,,,
Hub. d. Ä.,2,,,
C. Aug.,2,,,
Friedrich Wilh.,2,,,
H. F.,2,,,
H. Rob.,2,,,
Joachim,2,,,
Albert Herm.,2,,,
C. Friedr.,2,,,
Gust. Aug.,2,,,
Peter Ernst,2,,,
"Moritz, d. J.",2,,,
C. Alb.,2,,,
Gust. Albert,2,,,
B.,2,,,
G. Robert,2,,,
Sibylla,2,,,
Ed. Gottfr.,2,,,
Carl Gustav,2,,,
Siegmund,2,,,
Luigi,2,,,
"Karl, jr.",2,,,
Theo,2,,,
Jeanette,2,,,
Ignatius,2,,,
Paull,2,,,
Christel,2,,,
"Martin, d. J.",2,,,
Meier,2,,,
Milly,2,,,
"Edm., d. Ä.",2,,,
Liselotte,2,,,
Engelhard,2,,,
Rob. Siegfr.,2,,,
Adelgunde,2,,,
Eckhard,2,,,
Houw.,2,,,
Dietr.,2,,,
Oto,2,,,
"Pet., d. Ä.",2,,,
"Heinr, d. Ä.",2,,,
Winand,2,,,
William,2,,,
Bonifatius,2,,,
Carl Alfred,2,,,
Otto Erich,2,,,
Wilma,2,,,
"Hub., d. Ä.",2,,,
Friedr. Alfr.,2,,,
Hetty,2,,,
Anny,2,,,
Carl Theodor,2,,,
Marius,2,,,
Arth.,2,,,
"Cuno, d. J.",2,,,
Friedr. d. J.,2,,,
"Erwin, d. J.",2,,,
Ernst Herm.,2,,,
Aug. d. J.,2,,,
"Willy, d. Ä.",2,,,
Rosine,2,,,
"Valentin, d. Ä.",2,,,
Carl Bernh.,2,,,
Julia,2,,,
Friedhelm,2,,,
Franz Arn.,2,,,
Omar,2,,,
Werner Aug.,2,,,
Fritz Jul.,2,,,
"Arnold, d. J.",2,,,
"Albert, d. Ä.",2,,,
C. Gottlieb,2,,,
Erich Otto,2,,,
Balsamine,2,,,
Aug. Rich.,2,,,
Ursula,2,,,
Anna Maria,2,,,
Ernst d. J.,2,,,
Karl Adolf,2,,,
Peter Friedr.,2,,,
Gust. Ernst,2,,,
Erhard,2,,,
"Alb., jr.",2,,,
Susanne,2,,,
Wienand,2,,,
Lisa,2,,,
Carl Arnold,2,,,
Fr. W.,2,,,
Gebr.,2,,,
"Rudolf, d. Ä.",2,,,
"Bernhard, d. Ä.",2,,,
Ingeborg,2,,,
Hilmar,2,,,
Hans Joachim,2,,,
Salomon,2,,,
Ernst Alfr.,2,,,
"Willi, d. Ä.",2,,,
Rosette,2,,,
"Arnold, d. Ä.",2,,,
Henny,2,,,
Hartmann,2,,,
"Reinhold, d. Ä.",2,,,
Carl Eduard,2,,,
Bertram,2,,,
"Johann, d. J.",2,,,
"Wilh, d. J.",2,,,
Hermann Aug.,2,,,
"Gottlieb, d. Ä.",2,,,
Joh. Aug.,2,,,
"Moritz, d. Ä.",2,,,
P. W.,2,,,
Max Paul,2,,,
Isidor,2,,,
Walt. d. Ä.,2,,,
Bernhardine,2,,,
Fridolin,2,,,
Rob,2,,,
Janos,2,,,
Aurelia,2,,,
"Alexander, d. J.",2,,,
Wilh. Herm.,2,,,
Walt. d. J. ,2,,,
Gottl. Ernst,2,,,
Karl Otto,2,,,
Hyronimus,1,,,
Rob. d. Ä.,1,,,
Klara Elise,1,,,
Carl d. Ä.,1,,,
Rob. d. J.,1,,,
Ditmar,1,,,
Gust. u. Art.,1,,,
Hubert d. Ä.,1,,,
"Gregor, d. Ä.",1,,,
Peter Johann,1,,,
Jochewed,1,,,
"Herm., d. Ä",1,,,
Julius W.,1,,,
Rob. Peter,1,,,
Johanne Hulda,1,,,
Otto Paul,1,,,
Heinrich Wilh.,1,,,
B. D.,1,,,
Clem.,1,,,
"Hermann, jr.",1,,,
"Robert, Paul Max",1,,,
"Jos,. d. Ä.",1,,,
L. W.,1,,,
Art. F.,1,,,
Herm. Max,1,,,
G. A.,1,,,
Alexandra,1,,,
C. Hermann,1,,,
Watl.,1,,,
Else Anna,1,,,
Adelino,1,,,
"Eugen, d. Ä.",1,,,
Annamarie,1,,,
Olga Wilhelmine,1,,,
"Leon, d. Ä.",1,,,
Cornelius,1,,,
Heinr. d. J. ,1,,,
"Ernst, jun.",1,,,
Paul Wilh.,1,,,
Walt. Ernst,1,,,
Heinrich d. Ä.,1,,,
Edd. d. Ä.,1,,,
Rich. Paul,1,,,
Gesch.,1,,,
Reinard,1,,,
G. D.,1,,,
Carl Aug,1,,,
Gert.,1,,,
J. Alb.,1,,,
Paul Max Robert,1,,,
Bernhd.,1,,,
Nat.,1,,,
Angelika,1,,,
Eduard Adolf,1,,,
Carl Rud.,1,,,
Peter Arn.,1,,,
H. O.,1,,,
Carl Richard,1,,,
Erst,1,,,
Robert Stefan,1,,,
Heinr. Paul,1,,,
"Carl Aug., d. Ä.",1,,,
"Oskar, d. J.",1,,,
Gottliebe,1,,,
Vinanz,1,,,
Ludowikus,1,,,
Karl ,1,,,
Friedrich Carl,1,,,
Theodora,1,,,
Arend,1,,,
Friedr. Walt.,1,,,
Walt. Friedr.,1,,,
Eitel Fritz,1,,,
Max. Art. ,1,,,
Franz Xaver,1,,,
Wieg.,1,,,
A. Rich.,1,,,
C. H.,1,,,
Wilhelm Georg,1,,,
Fr. Ellen,1,,,
Agate,1,,,
Friedr. Engelbert,1,,,
Karl Hermann,1,,,
Aug. Richard,1,,,
Gustava,1,,,
August L.,1,,,
"Eduard, d. J.",1,,,
Gisela,1,,,
"Leonh., d. Ä.",1,,,
"Anna, d. Ä.",1,,,
Helm,1,,,
Maria Elis.,1,,,
Anita,1,,,
"Conr., d. Ä.",1,,,
Fr. Gerh.,1,,,
Hans Jos.,1,,,
Natan,1,,,
Rob. Karl,1,,,
Arnoldine,1,,,
Ernst Otto,1,,,
Malte,1,,,
Franz Christ.,1,,,
Emil Otto,1,,,
Heinr. Bernh.,1,,,
Muto,1,,,
Ernst Egon,1,,,
Marta Emilie,1,,,
Wilh. Johannes,1,,,
Constatn,1,,,
Siaida,1,,,
Friedr. Engelb.,1,,,
Ad. Alb.,1,,,
Emiie,1,,,
Herm. Christoph,1,,,
"Rud.,d. J.",1,,,
"Gu., d. Ä.",1,,,
Zifirino,1,,,
"Andreas, d. J.",1,,,
Kasimira,1,,,
Wilh. Jos.,1,,,
Bolislaw,1,,,
Berta Maria,1,,,
Oscar,1,,,
Teobald,1,,,
Adel,1,,,
Herm. Otto,1,,,
Klementine,1,,,
Joh. Rob.,1,,,
Mario,1,,,
Lina Laura,1,,,
Herm. Alfr.,1,,,
"Emil, jr.",1,,,
Friedolin,1,,,
Friedrich Wilhelm,1,,,
Gust. Arn.,1,,,
Herm. Paul Rud.,1,,,
Conrad Heinr.,1,,,
Rud. Karl,1,,,
Kon.,1,,,
Wilh. Hans,1,,,
Theodoria,1,,,
Benedikt,1,,,
"Casp., d. Ä.",1,,,
"Carl., d. Ä.",1,,,
Johann Karl,1,,,
Adolf Gust.,1,,,
Vera,1,,,
Helene Charl.,1,,,
Bonifazius,1,,,
Cornelie,1,,,
Hironimus,1,,,
Kataharina,1,,,
Alb. Rich.,1,,,
Kordula,1,,,
Froni Elfr.,1,,,
Dorotea,1,,,
"Arno, d. Ä.",1,,,
Diedrich,1,,,
Basilior,1,,,
Enno,1,,,
Hugo Willy,1,,,
Max Helm.,1,,,
Ursala,1,,,
Paul Rud.,1,,,
Margarete Hedwig,1,,,
Friedr. Walther,1,,,
Burkhard,1,,,
Sigism.,1,,,
Casp.,1,,,
"Klemens, d. J.",1,,,
"Carl Rob., d. J.",1,,,
Valeska,1,,,
Oswin,1,,,
"Konr., d. J.",1,,,
"Felix, d. Ä.",1,,,
Friedr. Alb.,1,,,
Friedr. Andr. Alb.,1,,,
Bockholt,1,,,
Kasp. Joh.,1,,,
Bardo,1,,,
Kilian,1,,,
Mikkel,1,,,
Goswin,1,,,
Traugott,1,,,
Dittm.,1,,,
Arndt,1,,,
Anna Hedw.,1,,,
Ros.,1,,,
Wih.,1,,,
Llisette,1,,,
Karl Theodor,1,,,
Norb.,1,,,
Art. Helmut,1,,,
Hanne,1,,,
Fritz d. Ä,1,,,
Heinr. d. J.,1,,,
Joh. d. Ä.,1,,,
Willib.,1,,,
Huwald,1,,,
Vinzent,1,,,
"Cuno, d. Ä.",1,,,
Volpert,1,,,
Kurz,1,,,
Franz Hugo,1,,,
Blima,1,,,
Alb. d. J.,1,,,
Alf.,1,,,
Maria Elisab.,1,,,
Stefany,1,,,
H. C.,1,,,
Karl Alfred,1,,,
C. Gottl.,1,,,
"Ernst, sen.",1,,,
Hans-Herb.,1,,,
"Johannes, d. Ä.",1,,,
Linus,1,,,
Czelaus,1,,,
C. Walter,1,,,
Ad. d. Ä.,1,,,
Maria Josefa,1,,,
Willn ,1,,,
Kraft,1,,,
"Anton, d. J.",1,,,
Hedwig Elfriede,1,,,
Alb. Rud.,1,,,
Aug. Hermann,1,,,
Viktor E.,1,,,
Severin,1,,,
Karl Bruno,1,,,
Aug. Karl,1,,,
Hede,1,,,
Franzesko,1,,,
Ernst Gust.,1,,,
"Friedr. Gust., d. J.",1,,,
H. Robert,1,,,
"A., d. Ä.",1,,,
Friedrich Albert,1,,,
H. P.,1,,,
A. E.,1,,,
"Erich, d. J.",1,,,
J. E.,1,,,
Rich. Friedr. Hermann,1,,,
"Rich., jr.",1,,,
Heinrch,1,,,
Wilh. Max,1,,,
"Gregor, d. J.",1,,,
"H., jr.",1,,,
Herm. Walter,1,,,
Georg Wilhelm,1,,,
Wolfg.,1,,,
Fritz Nik.,1,,,
J. F. A.,1,,,
Albert John,1,,,
Peter A.,1,,,
Rudolfine Maria,1,,,
Waltr.,1,,,
Peter Gotttl.,1,,,
Peter Gottl.,1,,,
Dorine,1,,,
Hug.,1,,,
Hemr.,1,,,
Hellmuth,1,,,
Th.,1,,,
Battista,1,,,
Joh. Karl.,1,,,
Edaurd,1,,,
Walter Ernst,1,,,
"Robert, jun.",1,,,
Liese,1,,,
"Alfred, d. J",1,,,
Enst,1,,,
"Matth., d. Ä.",1,,,
Wilhelm.,1,,,
P. Franz,1,,,
Gotthilf,1,,,
Josef.,1,,,
"Albr., d. Ä.",1,,,
Reinh. d. Ä.,1,,,
Rud. Ernst,1,,,
Gilles,1,,,
David Karl,1,,,
Hans Andreas,1,,,
Gerlach,1,,,
"Oskar, d. Ä.",1,,,
Gert,1,,,
Walt. Art.,1,,,
Ewald Herm.,1,,,
Ernst Alb.,1,,,
Adele Pauine,1,,,
Seibert,1,,,
Leokadia,1,,,
"Karl, jun.",1,,,
Ewald Gust.,1,,,
Nettchen,1,,,
Lydia Anna,1,,,
Emillie,1,,,
"Joh. Wilh., d. J.",1,,,
Netti,1,,,
Gertr. Elfr.,1,,,
G. Thom.,1,,,
Heinrich Gust.,1,,,
Riekchen,1,,,
"Alexander, d. Ä.",1,,,
Alb. Richard,1,,,
Wilh. Georg,1,,,
H. Jak.,1,,,
Addy,1,,,
Emlie,1,,,
Steph.,1,,,
Renaldo,1,,,
Heinr. Wilh.,1,,,
Josua Alb.,1,,,
Herm. G.,1,,,
Lisel.,1,,,
Tobias,1,,,
Friedr. Rud.,1,,,
"Edelb., d. J.",1,,,
Nora,1,,,
"Jak., d. Ä.",1,,,
Fr. H.,1,,,
"Adolph, d. Ä.",1,,,
Hermande,1,,,
Karl Alfr.,1,,,
Emilie Emmy,1,,,
Carl Artur,1,,,
Erlbrecht,1,,,
"Otto., d. J.",1,,,
"Herm.,  d. Ä.",1,,,
Leonie,1,,,
G. E.,1,,,
Gio Batista,1,,,
Rob. Ew.,1,,,
Valentina,1,,,
Otto Helm.,1,,,
"Caspar, d. J.",1,,,
Jos..,1,,,
Ulr.,1,,,
Otto Jul.,1,,,
Florina,1,,,
"Gottl. Karl, d. Ä.",1,,,
"Oswald, d. Ä.",1,,,
Joh. Gottlieb,1,,,
Otto Herm.,1,,,
Reinhard d. Ä.,1,,,
Nathanael,1,,,
Marikus,1,,,
Johann Carl,1,,,
Carl Jos.,1,,,
Konstanze,1,,,
Rob. Pet.,1,,,
Fritz Ewald,1,,,
Paul Eug.,1,,,
Tilly,1,,,
"Hellwig, d. J.",1,,,
"H., d. J.",1,,,
Srul,1,,,
Maria Kathar.,1,,,
Friedr. Wilh. Franz,1,,,
Istvan,1,,,
Hubertus,1,,,
Tea,1,,,
Herta Klara,1,,,
"Ida, d. Ä.",1,,,
Eilh.,1,,,
"Dan., d. Ä.",1,,,
Blanka,1,,,
Walt. Aug.,1,,,
Karl Phil.,1,,,
Lebrecht,1,,,
Ew. Friedr.,1,,,
Mierczyslaus,1,,,
Femonie,1,,,
Dirk,1,,,
Adolf Gustav,1,,,
Karl Otto Alexander,1,,,
Jadwiga,1,,,
"J. Carl, d. J.",1,,,
Alban,1,,,
Ludw. Franz,1,,,
Paul W.,1,,,
Hubert Hugo,1,,,
Lucia,1,,,
Rud. Eug.,1,,,
"Maria, d. Ä.",1,,,
"Maria, d. J.",1,,,
Just.,1,,,
Lisbeth,1,,,
Hildebrand,1,,,
Charles,1,,,
Carl Edd.,1,,,
Willn.,1,,,
Anna Kath.,1,,,
Flora,1,,,
Gustav Ernst,1,,,
"Franz., d. J.",1,,,
"Otto, jr.",1,,,
Rich. Karl,1,,,
"Franz, d. Ä",1,,,
Ernst Adolf,1,,,
"Hans, d. J.",1,,,
"Gustav, jr.",1,,,
Carl Friedrich,1,,,
P. A. G.,1,,,
Walter Aug.,1,,,
Auguste ,1,,,
Herm. Emil,1,,,
Clarmor,1,,,
Santo,1,,,
Wilhm.,1,,,
Emil Walter,1,,,
Anna Dorothea,1,,,
Hermann W.,1,,,
Margareta,1,,,
"Friedr. Wilh., sen.",1,,,
Joh. d. J.,1,,,
Stephan d. Ä.,1,,,
Paul d. Ä.,1,,,
Gustav d. Ä.,1,,,
Hermann Oswald,1,,,
Karl Jul.,1,,,
Valerie,1,,,
Louis Karl,1,,,
Helfrich,1,,,
Stephanie,1,,,
Barbetta,1,,,
Adolf d. Ä.,1,,,
Karoly,1,,,
Ew. d. J.,1,,,
"Lorenz, gen. Silvero",1,,,
Alwill,1,,,
Peter Rudolf,1,,,
Adolf Art.,1,,,
Kornelius,1,,,
Umb.,1,,,
Karl Leopold,1,,,
Ernst Jos.,1,,,
Jul. Heinr.,1,,,
"Edelb., d. Ä.",1,,,
Karl Paul,1,,,
Hugo Fr.,1,,,
Eberh.,1,,,
Karl Alb.,1,,,
"Andr., d. Ä.",1,,,
Eginhardt,1,,,
"Christ., d. Ä.",1,,,
Sylvius,1,,,
Irmg.,1,,,
Leontine,1,,,
Wolfram,1,,,
Carl Gottl.,1,,,
Paul Alfr.,1,,,
Paul Gottl.,1,,,
Malli,1,,,
Wolfr.,1,,,
Max Werner,1,,,
Wilhelmus,1,,,
Fortunato,1,,,
Georg Wilh.,1,,,
Karl Gottl.,1,,,
"Gottl. Karl, d. J.",1,,,
Louis Aug.,1,,,
Friedr..,1,,,
"Alex, d. J.",1,,,
Ernst Paul,1,,,
"Pauline, d. Ä.",1,,,
Fr. Reinhard,1,,,
Karl Max,1,,,
Gerhild,1,,,
"Franz, sen.",1,,,
"Franz, jun.",1,,,
Eug. Herm.,1,,,
"Fritz, d. A.",1,,,
C. Theodor,1,,,
"Philipp, d. Ä.",1,,,
Erich Herm.,1,,,
Gust. Rud.,1,,,
Stephanus,1,,,
Fr. Karl,1,,,
Aug. Wilh.,1,,,
Karl Bernh.,1,,,
Alber,1,,,
H. Jakob,1,,,
Lucas,1,,,
Cort,1,,,
Liesbeth,1,,,
Eginhard,1,,,
Walter Artur,1,,,
Otto Helmut,1,,,
Kunigunde,1,,,
Karl Ferd.,1,,,
Gottl. Alfr.,1,,,
"Rich. Edm., d. J.",1,,,
Armide,1,,,
Annaliese,1,,,
Veronica,1,,,
Isabella,1,,,
Ferdinand Alfred,1,,,
"Ferdinand, d. J.",1,,,
Angela,1,,,
Romanus,1,,,
Fr. Richard,1,,,
Audomar,1,,,
"Rod., d. Ä.",1,,,
Friedr. Eduard,1,,,
Erich Eug.,1,,,
Heinr. Jul.,1,,,
Emil Wilh.,1,,,
Heinr. Joh.,1,,,
Huldreich,1,,,
Emil.,1,,,
Konr. Andr.,1,,,
Walt. Alfr.,1,,,
Joh. Max,1,,,
Lev,1,,,
Justus Oto,1,,,
Gust. Joh.,1,,,
Pauö,1,,,
Heinr. Werner,1,,,
Friedrich Karl,1,,,
Jusua,1,,,
Rob. Alb.,1,,,
Werner Heinr.,1,,,
"Elisab., d. J.",1,,,
Bennot,1,,,
C. Arthur,1,,,
"Leonh., d. J.",1,,,
Arie,1,,,
"Alex, jr.",1,,,
Herm. Adam,1,,,
Linny,1,,,
Friedr. Adolf,1,,,
Edgard,1,,,
Emil Rud.,1,,,
Clementine,1,,,
Zackea,1,,,
Georges,1,,,
Wilh. Joh.,1,,,
Babette,1,,,
Bronislawa,1,,,
"Theodor, d. Ä.",1,,,
Otto Emil,1,,,
Lida,1,,,
Rudibert,1,,,
C. Rob.,1,,,
Luzie,1,,,
"Paul, jr.",1,,,
Heinr. Jos.,1,,,
Reinh. Aug.,1,,,
Joh. Ferd.,1,,,
Bernardine,1,,,
Hans Gerhard,1,,,
Franz Alb.,1,,,
Cäcilie,1,,,
H. Walter,1,,,
Cordula,1,,,
Ragnar,1,,,
Giuseppe,1,,,
"Rudl., d. J.",1,,,
Gustav Ad.,1,,,
Katharaina,1,,,
Amalia,1,,,
Henriette Adele,1,,,
Joh. Adam,1,,,
Apollonia,1,,,
Walt. Erich,1,,,
Luise Auguste,1,,,
Joh. Ernst,1,,,
Raimund,1,,,
Alb. Erich,1,,,
Christia,1,,,
Pet. Joh. Friedr.,1,,,
"Reinhard, d. Ä.",1,,,
Melinka,1,,,
Isacco Angelo Ernesto,1,,,
Waldisl.,1,,,
Henritte,1,,,
Kathi,1,,,
Jul. ,1,,,
Karl Riedr.,1,,,
Oskar d. Ä.,1,,,
Ludw. Carl Ew.,1,,,
Hilmar d. J.,1,,,
Leopoldine Ernestine,1,,,
Georg Kurt,1,,,
Iwan,1,,,
Stanko,1,,,
C. Alfred,1,,,
Gust. d. J.,1,,,
Willi u. Fritz,1,,,
Ullerich,1,,,
Helm. Alfr.,1,,,
Oene,1,,,
Karl Arn.,1,,,
Natala,1,,,
Gertr-,1,,,
"August, jr.",1,,,
Hans Walt.,1,,,
Pet. Paul,1,,,
Lebr.,1,,,
"Alb, d. Ä.",1,,,
"Alb. Rud., d. Ä.",1,,,
Eberh. Rud.,1,,,
Peter Wilhelm,1,,,
"Christ., d. J.",1,,,
Regine,1,,,
Apolina,1,,,
Franz Ferd.,1,,,
Martin Joh.,1,,,
Heinr. Aug.,1,,,
"Viktor, d. Ä.",1,,,
Gertha,1,,,
Winfried,1,,,
Christ. Edd.,1,,,
Michalina,1,,,
Sante,1,,,
"Emil, jr",1,,,
Herm. Jos.,1,,,
Hans Georg,1,,,
Maria Berta,1,,,
Malwine,1,,,
Hellmut,1,,,
Paul Waldemar,1,,,
Alex Alb.,1,,,
Justus Heinr.,1,,,
Rob. Jos.,1,,,
Emil Willi,1,,,
"Benedikt, d. Ä.",1,,,
"Benedikt, d. J.",1,,,
Reinhhold,1,,,
"Jak., d. J.",1,,,
Bruno Georg,1,,,
Boleslaw,1,,,
Gust. d. J. ,1,,,
Alfr. Werner,1,,,
"Eugen, d. J.",1,,,
Achille,1,,,
Wilhelm ,1,,,
Hans Heinr.,1,,,
Guido,1,,,
"Rob., d.Ä.",1,,,
Joh. Christ.,1,,,
Ad..,1,,,
Margarete Luise,1,,,
Willie,1,,,
Vik.,1,,,
Jodokus,1,,,
Heinr. Friedr.,1,,,
"Alex., d. Ä.",1,,,
"Hub, d. J.",1,,,
Erich H.,1,,,
Elisa,1,,,
"C. Theodor, d. Ä.",1,,,
"C. Theodor, d. J.",1,,,
Urban,1,,,
Paul Walter,1,,,
Elka,1,,,
Wessel,1,,,
Bronislaw,1,,,
Vincenc,1,,,
Joh. Gust.,1,,,
Greta,1,,,
Teofil,1,,,
Herta Helene,1,,,
Bartolo,1,,,
Wera,1,,,
Joh. Dan.,1,,,
Liddy,1,,,
Adolf Herm.,1,,,
"Dan., d. J.",1,,,
Umberto,1,,,
Otto Hub.,1,,,
Oskar Rob.,1,,,
Wimar,1,,,
Adolf Ernst,1,,,
Vitalus,1,,,
Christ. Wilh.,1,,,
Kar. Ottilie,1,,,
Markus,1,,,
Friedeb.,1,,,
Gabriel,1,,,
Hugo Wilh.,1,,,
Werner Erich,1,,,
H. K.,1,,,
Gertrud Elise,1,,,
Magarete,1,,,
Ottillie,1,,,
Margarethe,1,,,
"Abr., d. J.",1,,,
Adolf Karl,1,,,
Karl d. J. ,1,,,
"Karl, d. Ä. ",1,,,
Marie Luise,1,,,
Hugo Felix,1,,,
Osmar,1,,,
"Arn., d. J.",1,,,
K.,1,,,
Conr. Herm.,1,,,
Franz Emil,1,,,
F. A.,1,,,
"Kuno, d. J.",1,,,
Gustav Albert,1,,,
Add.,1,,,
Aristo,1,,,
Franklin,1,,,
Enrico,1,,,
Ernst Richard,1,,,
Elmire,1,,,
Augste,1,,,
A. Gustav,1,,,
"Berh., d. Ä.",1,,,
Alida,1,,,
Karl Eug.,1,,,
Gustav Adolf,1,,,
Otto Daniel,1,,,
Peter Wilh.,1,,,
Friedr. Gust.,1,,,
Victor E.,1,,,
H. Alfr.,1,,,
Lieschen,1,,,
A. Gust.,1,,,
Rich. Leoni Adolf,1,,,
Walt. Rud.,1,,,
Editz,1,,,
Klärchen,1,,,
Walt. Eug.,1,,,
Valerian,1,,,
Egidius,1,,,
Berta Karoline,1,,,
Conr.,1,,,
Pet. Rich.,1,,,
Karl Ernst,1,,,
"Ludwig, jun.",1,,,
Friedr. Wilhelm,1,,,
"Robert, d. Ä.",1,,,
F. C.,1,,,
Fr. Heinr.,1,,,
Carl Fr.,1,,,
G. Art.,1,,,
Martha Auguste,1,,,
Franz Aug.,1,,,
"Hugo, jr.",1,,,
Felice,1,,,
"Carl Aug., d. J.",1,,,
Käthe Irmgard,1,,,
Konst.,1,,,
Friedr. Ludw.,1,,,
"Ida, d. J.",1,,,
Aug. Alb.,1,,,
Czeslaw,1,,,
"Martin, d. Ä.",1,,,
Theophil,1,,,
Sophia,1,,,
Anna  Maria,1,,,
Emma Wilhelmine,1,,,
Harald,1,,,
Reinhard Aug. Rich.,1,,,
Elis. Arnold.,1,,,
Pelagia,1,,,
Fr. Ludw.,1,,,
Kornelia,1,,,
Lina ,1,,,
Marget,1,,,
Constanze,1,,,
Natalia,1,,,
"Arthur, d. J.",1,,,
"Arthur, d. Ä.",1,,,
Benediktus,1,,,
Hildg.,1,,,
Sjord,1,,,
Hans Erich,1,,,
Gust. Edd.,1,,,
Aug. Paul,1,,,
Elfriede Elise,1,,,
Jos. Franz,1,,,
Hildburg,1,,,
"Ludwig, jr.",1,,,
Walt. Karl,1,,,
Konr. Karl,1,,,
Aug. Bertha,1,,,
Frtz.,1,,,
Albina,1,,,
"Reinhard, d. J.",1,,,
Alma Elfr.,1,,,
Edger,1,,,
Emil Eug.,1,,,
"Karl Th., d. Ä.",1,,,
Carl Hugo,1,,,
Japhet,1,,,
Esther,1,,,
Stephan d. J.,1,,,
Rud. d. Ä.,1,,,
Wilh. d. J.,1,,,
Ludw. d. Ä.,1,,,
Alfr. d. Ä.,1,,,
Kunibert,1,,,
Rich d. Ä.,1,,,
Gust. ,1,,,
Rob. Walt.,1,,,
Friedr. Max,1,,,
Otto ,1,,,
Abrah.,1,,,
Heinr. Gust.,1,,,
Edelb.,1,,,
Aug. ,1,,,
Karl Christ.,1,,,
"Heinrich, d. Ä",1,,,
Alb. Rudolf,1,,,
Chaim,1,,,
Hannchen,1,,,
"Gust, d. Ä.",1,,,
"Paul, d. Ä",1,,,
Karl d. Ä. ,1,,,
Gretchen Else,1,,,
Jean,1,,,
Sebulon,1,,,
Leendert,1,,,
Fritz Hugo,1,,,
Agnola,1,,,
Hilmar d. Ä.,1,,,
Juli,1,,,
Rud. d. J.,1,,,
Friedrich d. J.,1,,,
Art. Gust.,1,,,
d. Ä.,1,,,
Pet. Karl,1,,,
"Gott., d. Ä.",1,,,
Alfred R.,1,,,
Chr. Elise,1,,,
Helmut Ernst,1,,,
Mathias,1,,,
Helma,1,,,
"Natale, d. Ä.",1,,,
Walburga,1,,,
Berta Emilie,1,,,
Loni,1,,,
Balsamina,1,,,
Ernst Ad.,1,,,
Heinr..,1,,,
"Viktor, d. J.",1,,,
Hub. Alfr.,1,,,
Annastasia,1,,,
"Wili, d. J.",1,,,
Wilh. Erich,1,,,
"Emil, d.",1,,,
Rud. Walt.,1,,,
F. Karl,1,,,
Anna Margarete,1,,,
"Alfred, d. Ä.",1,,,
Loth.,1,,,
Ellen,1,,,
A. Maria,1,,,
Bartholomäus,1,,,
"Alex, d. Ä.",1,,,
C. H. Werner,1,,,
Paul Alb.,1,,,
"Hellwig, d. Ä.",1,,,
Bartolom.,1,,,
"Eberh., d. J.",1,,,
Franz Otto,1,,,
"Karl Richard, d. Ä.",1,,,
Karl Rich.,1,,,
Dominikus,1,,,
Taugott,1,,,
E. August,1,,,
Rud. Heinz,1,,,
Wilhel.,1,,,
Aloysia,1,,,
Maria Christ.,1,,,
Karnelia,1,,,
"Hubert, d. Ä.",1,,,
Brunislaus,1,,,
Ida Johanne,1,,,
Liska,1,,,
Elisabth,1,,,
Ernst Joh.,1,,,
Paul Edd.,1,,,
Paul Fritz,1,,,
Parline,1,,,
Friedr. W.,1,,,
Georg Ewald,1,,,
Paul Anton,1,,,
Willybald,1,,,
"Elisab., d. Ä.",1,,,
Pet. Osw.,1,,,
Ernst Alex.,1,,,
Cornel.,1,,,
"Wilh.,",1,,,
Wilh. Heinr.,1,,,
Paul ,1,,,
"Rud., d.  Ä.",1,,,
Ernst C.,1,,,
Reinhard Karl,1,,,
Pet. Alb.,1,,,
Werner August,1,,,
August Carl,1,,,
Hans Friedr.,1,,,
Franz Paul,1,,,
Mich,1,,,
Walter Otto,1,,,
G. Alb.,1,,,
Helmuth,1,,,
"Emil, jun.",1,,,
Lewin,1,,,
And.,1,,,
Rup.,1,,,
Mmi,1,,,
Liny,1,,,
Herm. Karl,1,,,
Damian,1,,,
Georg Paul,1,,,
J. H.,1,,,
Johann Gottl.,1,,,
J. Gustav,1,,,
R. H.,1,,,
Hermann G.,1,,,
C. Ed.,1,,,
"Matth., d. J.",1,,,
Carl Max,1,,,
Siegm.,1,,,
Augusta,1,,,
Walth.,1,,,
Anna Luise,1,,,
Al.,1,,,
Luise Ottilie,1,,,
Jos. Heinr.,1,,,
Rich,1,,,
J. Peter,1,,,
Karl Maxx,1,,,
Paul Heinr.,1,,,
"Carl, sen.",1,,,
Romenn,1,,,
"August, d. Ä.",1,,,
Quirin,1,,,
Friedr. Alfred,1,,,
Frido,1,,,
Ignaz,1,,,
Leonore,1,,,
Hugo Erich,1,,,
Friedlieb,1,,,
Girolamo,1,,,
"Klemens, d. Ä.",1,,,
Anastasius,1,,,
Willy Hans,1,,,
"Albert, jr.",1,,,
H. Edd.,1,,,
Wili,1,,,
Stanislawa,1,,,
Philippine,1,,,
Pet. Wilh.,1,,,
Viktor Werner,1,,,
Joh. Georg,1,,,
Maria Johanna,1,,,
"Friedr. Aug., d. Ä.",1,,,
Helmt,1,,,
Paul.,1,,,
Gust. Paul,1,,,
Diedr.,1,,,
E. R.,1,,,
Marg. Kath.,1,,,
Julianne Luise,1,,,
Heinr. Christ.,1,,,
Rich. d. J.,1,,,
Phil.d. Ä.,1,,,
Sebast.,1,,,
Milda,1,,,
Helm. Ernst,1,,,
"Konr., d. Ä.",1,,,
Friederika,1,,,
"Ludwig, sen.",1,,,
